GROUP,PACKAGE,CLASS,INSTRUCTION_MISSED,INSTRUCTION_COVERED,BRANCH_MISSED,BRANCH_COVERED,LINE_MISSED,LINE_COVERED,COMPLEXITY_MISSED,COMPLEXITY_COVERED,METHOD_MISSED,METHOD_COVERED
avenirs-portfolio-security,fr.avenirsesr.portfolio.common.temporal.domain.model.enums,EDurationUnit,33,0,0,0,6,0,1,0,1,0
avenirs-portfolio-security,fr.avenirsesr.portfolio.common.web.infrastructure.context,RequestContext,7,12,0,0,2,5,2,3,2,3
avenirs-portfolio-security,fr.avenirsesr.portfolio.common.web.infrastructure.context,RequestContextFilter,28,47,1,1,7,16,2,3,1,3
avenirs-portfolio-security,fr.avenirsesr.portfolio.common.web.infrastructure.context,RequestData,0,9,0,0,0,1,0,1,0,1
avenirs-portfolio-security,fr.avenirsesr.portfolio.common.data.application.adapter.response,PagedResponse,9,0,0,0,1,0,1,0,1,0
avenirs-portfolio-security,fr.avenirsesr.portfolio.common.configuration.domain.model,TraceConfiguration,12,0,0,0,1,0,1,0,1,0
avenirs-portfolio-security,fr.avenirsesr.portfolio.common.configuration.domain.model,ETraceConfiguration,21,0,0,0,4,0,1,0,1,0
avenirs-portfolio-security,fr.avenirsesr.portfolio.common.configuration.domain.model,InstitutionConfigurationElements,9,0,0,0,1,0,1,0,1,0
avenirs-portfolio-security,fr.avenirsesr.portfolio.common.language.infrastructure.adapter.filter,LanguageFilterAspect,10,0,0,0,3,0,1,0,1,0
avenirs-portfolio-security,fr.avenirsesr.portfolio.common.language.infrastructure.adapter.filter,LanguageFilterSupplier,14,0,2,0,5,0,3,0,2,0
avenirs-portfolio-security,fr.avenirsesr.portfolio.common.data.infrastructure.adapter.model,AvenirsBaseEntity,3,0,0,0,1,0,1,0,1,0
avenirs-portfolio-security,fr.avenirsesr.portfolio.common.data.infrastructure.adapter.model,DeletableAvenirsBaseEntity,3,0,0,0,1,0,1,0,1,0
avenirs-portfolio-security,fr.avenirsesr.portfolio.common.data.infrastructure.adapter.model,TranslatableEntity,8,0,0,0,2,0,1,0,1,0
avenirs-portfolio-security,fr.avenirsesr.portfolio.common.data.infrastructure.adapter.model,AvenirsBaseEntity_,3,0,0,0,1,0,1,0,1,0
avenirs-portfolio-security,fr.avenirsesr.portfolio.common.data.infrastructure.adapter.model,DeletableAvenirsBaseEntity_,3,0,0,0,1,0,1,0,1,0
avenirs-portfolio-security,fr.avenirsesr.portfolio.common.seeder.infrastructure.configuration,SharedDataGeneratorConfig,13,0,0,0,3,0,2,0,2,0
avenirs-portfolio-security,fr.avenirsesr.portfolio.security.delegate,SecurityDelegate,19,0,4,0,5,0,4,0,2,0
avenirs-portfolio-security,fr.avenirsesr.portfolio.common.seeder.infrastructure.adapter,FakeExternalSource,51,0,4,0,9,0,6,0,3,0
avenirs-portfolio-security,fr.avenirsesr.portfolio.common.seeder.infrastructure.adapter,FakePeriod,241,0,10,0,55,0,17,0,12,0
avenirs-portfolio-security,fr.avenirsesr.portfolio.common.security.infrastructure.configuration,CustomAuthenticationEntryPoint,30,0,0,0,8,0,2,0,2,0
avenirs-portfolio-security,fr.avenirsesr.portfolio.common.security.infrastructure.configuration,SecurityConfig,269,0,14,0,58,0,17,0,8,0
avenirs-portfolio-security,fr.avenirsesr.portfolio.common.error.domain.exception,UserNotFoundException,9,0,0,0,4,0,2,0,2,0
avenirs-portfolio-security,fr.avenirsesr.portfolio.common.error.domain.exception,FieldValidationException,16,0,0,0,4,0,2,0,2,0
avenirs-portfolio-security,fr.avenirsesr.portfolio.common.error.domain.exception,WrongClassTypeArgumentException,9,0,0,0,4,0,2,0,2,0
avenirs-portfolio-security,fr.avenirsesr.portfolio.common.error.domain.exception,InvalidDateFormatException,9,0,0,0,4,0,2,0,2,0
avenirs-portfolio-security,fr.avenirsesr.portfolio.common.error.domain.exception,BusinessException,19,0,2,0,6,0,3,0,2,0
avenirs-portfolio-security,fr.avenirsesr.portfolio.common.security.infrastructure.adapter.model.enums,ESecurityFilter,78,0,4,0,14,0,6,0,4,0
avenirs-portfolio-security,fr.avenirsesr.portfolio.common.security.infrastructure.adapter.model.enums,ESecurityKeys,60,0,4,0,11,0,5,0,3,0
avenirs-portfolio-security,fr.avenirsesr.portfolio.security.authentication.infrastructure.adapter.service,OIDCClientAuthenticationService,142,378,13,13,21,93,10,16,0,13
avenirs-portfolio-security,fr.avenirsesr.portfolio.security.authentication.infrastructure.adapter.service,JWTService,128,275,8,22,38,66,6,16,0,7
avenirs-portfolio-security,fr.avenirsesr.portfolio.security.shared.infrastructure.configuration,UserServiceConfig,7,0,0,0,2,0,2,0,2,0
avenirs-portfolio-security,fr.avenirsesr.portfolio.security.authentication.infrastructure.adapter.mapper,OIDCIntrospectionMapper,4,35,2,2,2,9,2,2,0,2
avenirs-portfolio-security,fr.avenirsesr.portfolio.security.authentication.infrastructure.adapter.mapper,OIDCProfileMapper,4,49,2,2,2,15,2,2,0,2
avenirs-portfolio-security,fr.avenirsesr.portfolio.security.authentication.infrastructure.adapter.mapper,OIDCAccessTokenMapper,23,63,6,4,4,19,6,2,1,2
avenirs-portfolio-security,fr.avenirsesr.portfolio.common.seeder.infrastructure.adapter.data,DataGeneratorProvider,89,0,0,0,19,0,6,0,6,0
avenirs-portfolio-security,fr.avenirsesr.portfolio.common.seeder.infrastructure.adapter.data,SharedFakerDataGenerator,101,0,7,0,20,0,15,0,10,0
avenirs-portfolio-security,fr.avenirsesr.portfolio.common.seeder.infrastructure.adapter.data,ESeederSource,15,0,0,0,3,0,1,0,1,0
avenirs-portfolio-security,fr.avenirsesr.portfolio.common.seeder.infrastructure.adapter.data,CsvReader,41,0,2,0,10,0,3,0,2,0
avenirs-portfolio-security,fr.avenirsesr.portfolio.common.language.infrastructure.adapter.utils,TranslationUtil,113,0,4,0,28,0,12,0,10,0
avenirs-portfolio-security,fr.avenirsesr.portfolio.common.data.infrastructure.adapter.mapper,Mapper,4,0,0,0,1,0,1,0,1,0
avenirs-portfolio-security,fr.avenirsesr.portfolio.common.temporal.infrastructure.adapter.model,PeriodEntity,3,0,0,0,1,0,1,0,1,0
avenirs-portfolio-security,fr.avenirsesr.portfolio.common.temporal.infrastructure.adapter.model,PeriodEntity_,3,0,0,0,1,0,1,0,1,0
avenirs-portfolio-security,fr.avenirsesr.portfolio.common.security.infrastructure.filter,ApiKeyAuthenticationFilter,177,0,32,0,43,0,22,0,6,0
avenirs-portfolio-security,fr.avenirsesr.portfolio.common.security.infrastructure.filter,HmacAuthenticationFilter,194,0,22,0,48,0,18,0,7,0
avenirs-portfolio-security,fr.avenirsesr.portfolio.common.security.infrastructure.filter,DisabledAuthenticationFilter,45,0,8,0,10,0,8,0,4,0
avenirs-portfolio-security,fr.avenirsesr.portfolio.common.security.infrastructure.filter,DevAuthenticationFilter,64,0,12,0,14,0,10,0,4,0
avenirs-portfolio-security,fr.avenirsesr.portfolio.common.data.infrastructure.adapter.specification,DateFilterSpecificationBuilder,50,0,6,0,8,0,9,0,6,0
avenirs-portfolio-security,fr.avenirsesr.portfolio.common.data.infrastructure.adapter.specification,FilterSpecificationBuilder,34,0,4,0,8,0,4,0,2,0
avenirs-portfolio-security,fr.avenirsesr.portfolio.common.error.application.adapter.response,ErrorResponse,9,0,0,0,1,0,1,0,1,0
avenirs-portfolio-security,fr.avenirsesr.portfolio.common.security.infrastructure.adapter.model,HmacAuthenticationToken,15,0,0,0,6,0,3,0,3,0
avenirs-portfolio-security,fr.avenirsesr.portfolio.common.user.infrastructure.service,NoOpUserService,5,0,0,0,2,0,2,0,2,0
avenirs-portfolio-security,fr.avenirsesr.portfolio.security.controller,AccessControlController,215,0,12,0,61,0,11,0,5,0
avenirs-portfolio-security,fr.avenirsesr.portfolio.security.controller,RoleController,34,0,0,0,10,0,3,0,3,0
avenirs-portfolio-security,fr.avenirsesr.portfolio.common.data.infrastructure.adapter.repository,GenericJpaRepositoryAdapter,504,0,20,0,85,0,30,0,20,0
avenirs-portfolio-security,fr.avenirsesr.portfolio.common.data.infrastructure.adapter.repository,GenericTranslatableJpaRepositoryAdapter,69,0,2,0,13,0,3,0,2,0
avenirs-portfolio-security,fr.avenirsesr.portfolio.common.data.infrastructure.adapter.repository,GenericDeletableJpaRepositoryAdapter,25,0,0,0,7,0,2,0,2,0
avenirs-portfolio-security,fr.avenirsesr.portfolio.security.authentication.domain.model,OIDCProfile,0,18,0,0,0,1,0,1,0,1
avenirs-portfolio-security,fr.avenirsesr.portfolio.security.authentication.domain.model,OIDCAccessToken,0,24,0,0,0,1,0,1,0,1
avenirs-portfolio-security,fr.avenirsesr.portfolio.security.authentication.domain.model,OIDCIntrospection,0,12,0,0,0,1,0,1,0,1
avenirs-portfolio-security,fr.avenirsesr.portfolio.common.language.infrastructure.adapter.model,TranslationEntity_,3,0,0,0,1,0,1,0,1,0
avenirs-portfolio-security,fr.avenirsesr.portfolio.common.language.infrastructure.adapter.model,TranslationEntity,3,0,0,0,1,0,1,0,1,0
avenirs-portfolio-security,fr.avenirsesr.portfolio.security.repository,StructureSpecificationHelper,25,0,2,0,5,0,5,0,4,0
avenirs-portfolio-security,fr.avenirsesr.portfolio.security.repository,RBACAssignmentRepositoryImpl,95,0,8,0,18,0,8,0,4,0
avenirs-portfolio-security,fr.avenirsesr.portfolio.security.repository,RBACScopeSpecificationHelper,24,0,0,0,5,0,4,0,4,0
avenirs-portfolio-security,fr.avenirsesr.portfolio.security.repository,RBACResourceSpecificationHelper,25,0,2,0,5,0,5,0,4,0
avenirs-portfolio-security,fr.avenirsesr.portfolio.security.repository,RBACAssignmentSpecificationHelper,214,0,2,0,53,0,9,0,8,0
avenirs-portfolio-security,fr.avenirsesr.portfolio.security.repository,RBACActionRouteSpecificationHelper,43,0,2,0,10,0,5,0,4,0
avenirs-portfolio-security,fr.avenirsesr.portfolio.common.data.domain,FetchGraph,97,0,6,0,23,0,10,0,7,0
avenirs-portfolio-security,fr.avenirsesr.portfolio.common.data.infrastructure.adapter,EntityGrapher,259,0,19,0,53,0,21,0,10,0
avenirs-portfolio-security,fr.avenirsesr.portfolio.common.openapi.infrastructure.adapter,BaseOpenApiConfiguration,22,0,0,0,9,0,2,0,2,0
avenirs-portfolio-security,fr.avenirsesr.portfolio.common.openapi.infrastructure.adapter,BaseSwaggerSchema,88,0,0,0,24,0,2,0,2,0
avenirs-portfolio-security,fr.avenirsesr.portfolio.security.authentication.application.adapter.controller,AuthenticationController,0,95,1,7,0,26,1,11,0,8
avenirs-portfolio-security,fr.avenirsesr.portfolio.common.externalskill.domain.model.enums,EExternalSkillType,27,0,0,0,5,0,1,0,1,0
avenirs-portfolio-security,fr.avenirsesr.portfolio.common.externalskill.domain.model.enums,EExternalSkillCategoryType,27,0,0,0,5,0,1,0,1,0
avenirs-portfolio-security,fr.avenirsesr.portfolio.common.dependency.domain.model,EDependencyBehaviour,15,0,0,0,3,0,1,0,1,0
avenirs-portfolio-security,fr.avenirsesr.portfolio.common.dependency.domain.model,DependencyCheckConfig,45,0,6,0,9,0,7,0,4,0
avenirs-portfolio-security,fr.avenirsesr.portfolio.common.seeder.domain.port.output,DataGenerator,3,0,0,0,1,0,1,0,1,0
avenirs-portfolio-security,fr.avenirsesr.portfolio.common.testutils.infrastructure.adapter.util,TestResourceUtils,26,0,2,0,5,0,3,0,2,0
avenirs-portfolio-security,fr.avenirsesr.portfolio.common.error.domain.model.enums,EErrorCode,359,0,0,0,54,0,3,0,3,0
avenirs-portfolio-security,fr.avenirsesr.portfolio.security.model,RBACActionRoute_,3,0,0,0,1,0,1,0,1,0
avenirs-portfolio-security,fr.avenirsesr.portfolio.security.model,RBACContext_,3,0,0,0,1,0,1,0,1,0
avenirs-portfolio-security,fr.avenirsesr.portfolio.security.model,Principal_,3,0,0,0,1,0,1,0,1,0
avenirs-portfolio-security,fr.avenirsesr.portfolio.security.model,RBACResource_,3,0,0,0,1,0,1,0,1,0
avenirs-portfolio-security,fr.avenirsesr.portfolio.security.model,RBACPermission_,3,0,0,0,1,0,1,0,1,0
avenirs-portfolio-security,fr.avenirsesr.portfolio.security.model,RBACResourceType_,3,0,0,0,1,0,1,0,1,0
avenirs-portfolio-security,fr.avenirsesr.portfolio.security.model,RBACRole_,3,0,0,0,1,0,1,0,1,0
avenirs-portfolio-security,fr.avenirsesr.portfolio.security.model,RBACScope_,3,0,0,0,1,0,1,0,1,0
avenirs-portfolio-security,fr.avenirsesr.portfolio.security.model,RBACAssignment_,3,0,0,0,1,0,1,0,1,0
avenirs-portfolio-security,fr.avenirsesr.portfolio.security.model,Structure_,3,0,0,0,1,0,1,0,1,0
avenirs-portfolio-security,fr.avenirsesr.portfolio.security.model,RBACAction_,3,0,0,0,1,0,1,0,1,0
avenirs-portfolio-security,fr.avenirsesr.portfolio.security.authentication.infrastructure.adapter.filter,CASTokenAuthenticationFilter,0,98,1,13,0,26,1,9,0,3
avenirs-portfolio-security,fr.avenirsesr.portfolio.common.dependency.application.adapter.config,DependencyCheckConfiguration,58,0,2,0,12,0,6,0,5,0
avenirs-portfolio-security,fr.avenirsesr.portfolio.security.authentication.infrastructure.adapter.configuration,AuthenticationServiceConfig,8,0,0,0,2,0,2,0,2,0
avenirs-portfolio-security,fr.avenirsesr.portfolio.security.authentication.infrastructure.adapter.configuration,JWTToCryptographicKeyAlgoMapper,21,0,4,0,4,0,3,0,1,0
avenirs-portfolio-security,fr.avenirsesr.portfolio.security.authentication.infrastructure.adapter.configuration,SpringSecurityConfig,0,89,0,0,0,16,0,7,0,7
avenirs-portfolio-security,fr.avenirsesr.portfolio.common.testutils,BddLogger,0,22,0,0,0,10,0,5,0,5
avenirs-portfolio-security,fr.avenirsesr.portfolio.common.web.infrastructure.configuration,WebConfig,94,0,6,0,12,0,5,0,2,0
avenirs-portfolio-security,fr.avenirsesr.portfolio.common.validation.infrastructure.adapter.utils,ValidationUtils,14,0,4,0,4,0,4,0,2,0
avenirs-portfolio-security,fr.avenirsesr.portfolio.security.authentication.infrastructure.adapter.model,OIDCAccessTokenResponse,1,6,1,1,0,1,1,1,0,1
avenirs-portfolio-security,fr.avenirsesr.portfolio.security.authentication.infrastructure.adapter.model,OIDCIdToken,75,9,11,1,12,4,9,1,3,1
avenirs-portfolio-security,fr.avenirsesr.portfolio.security.authentication.infrastructure.adapter.model,OIDCProfileResponse,0,19,0,0,0,4,0,1,0,1
avenirs-portfolio-security,fr.avenirsesr.portfolio.security.authentication.infrastructure.adapter.model,OIDCIntrospectResponse,1,6,1,1,0,1,1,1,0,1
avenirs-portfolio-security,fr.avenirsesr.portfolio.common.seeder.infrastructure.utils,FileReader,39,0,0,0,10,0,2,0,2,0
avenirs-portfolio-security,fr.avenirsesr.portfolio.common.language.domain.model.enums,ELanguage,5,62,1,1,1,14,1,4,0,4
avenirs-portfolio-security,fr.avenirsesr.portfolio.common.data.application.adapter.dto,PageInfoDTO,34,0,0,0,6,0,2,0,2,0
avenirs-portfolio-security,fr.avenirsesr.portfolio.security.authentication.application.adapter.dto,LoginRequestDTO,7,0,2,0,1,0,2,0,1,0
avenirs-portfolio-security,fr.avenirsesr.portfolio.security,AvenirsPortfolioSecurityApplication,8,11,0,0,3,4,1,3,1,3
avenirs-portfolio-security,fr.avenirsesr.portfolio.common.externalskill.application.adapter.dto,ExternalSkillDetailsDTO,15,0,0,0,1,0,1,0,1,0
avenirs-portfolio-security,fr.avenirsesr.portfolio.common.externalskill.application.adapter.dto,ExternalSkillCategoryDTO,9,0,0,0,1,0,1,0,1,0
avenirs-portfolio-security,fr.avenirsesr.portfolio.common.externalskill.application.adapter.dto,ExternalSkillDTO,15,0,0,0,1,0,1,0,1,0
avenirs-portfolio-security,fr.avenirsesr.portfolio.common.security.domain.exception,UserNotAuthorizedException,9,0,0,0,4,0,2,0,2,0
avenirs-portfolio-security,fr.avenirsesr.portfolio.common.dependency.domain.service,DependencyCheckerImpl,251,0,14,0,53,0,12,0,5,0
avenirs-portfolio-security,fr.avenirsesr.portfolio.common.data.domain.model,DeletableAvenirsBaseModel,13,0,0,0,4,0,2,0,2,0
avenirs-portfolio-security,fr.avenirsesr.portfolio.common.data.domain.model,PagedResult,9,0,0,0,1,0,1,0,1,0
avenirs-portfolio-security,fr.avenirsesr.portfolio.common.data.domain.model,PageInfo,12,0,0,0,1,0,1,0,1,0
avenirs-portfolio-security,fr.avenirsesr.portfolio.common.data.domain.model,SortCriteria,55,0,6,0,12,0,6,0,3,0
avenirs-portfolio-security,fr.avenirsesr.portfolio.common.data.domain.model,PageCriteria,57,0,4,0,8,0,5,0,3,0
avenirs-portfolio-security,fr.avenirsesr.portfolio.common.data.domain.model,AvenirsBaseModel,52,0,6,0,11,0,7,0,4,0
avenirs-portfolio-security,fr.avenirsesr.portfolio.common.data.domain.model,DateFilter,33,0,4,0,7,0,4,0,2,0
avenirs-portfolio-security,fr.avenirsesr.portfolio.common.data.domain.model,User,35,0,0,0,7,0,3,0,3,0
avenirs-portfolio-security,fr.avenirsesr.portfolio.common.data.domain.model.enums,ESortField,19,0,0,0,4,0,2,0,2,0
avenirs-portfolio-security,fr.avenirsesr.portfolio.common.data.domain.model.enums,EDateFilterKey,15,0,0,0,3,0,1,0,1,0
avenirs-portfolio-security,fr.avenirsesr.portfolio.common.data.domain.model.enums,ESortOrder,19,0,0,0,4,0,2,0,2,0
avenirs-portfolio-security,fr.avenirsesr.portfolio.common.data.domain.model.enums,EUserCategory,15,0,0,0,3,0,1,0,1,0
avenirs-portfolio-security,fr.avenirsesr.portfolio.security.service,RBACAssignmentService,78,0,4,0,20,0,10,0,8,0
avenirs-portfolio-security,fr.avenirsesr.portfolio.security.service,AccessControlService,437,0,26,0,113,0,26,0,13,0
avenirs-portfolio-security,fr.avenirsesr.portfolio.security.service,RBACRoleService,92,0,2,0,23,0,11,0,10,0
avenirs-portfolio-security,fr.avenirsesr.portfolio.security.service,PrincipalService,23,0,0,0,6,0,4,0,4,0
avenirs-portfolio-security,fr.avenirsesr.portfolio.security.service,RBACScopeService,101,0,2,0,25,0,12,0,11,0
avenirs-portfolio-security,fr.avenirsesr.portfolio.security.service,RBACResourceService,87,0,2,0,22,0,11,0,10,0
avenirs-portfolio-security,fr.avenirsesr.portfolio.security.service,RBACContextService,88,0,2,0,22,0,10,0,9,0
avenirs-portfolio-security,fr.avenirsesr.portfolio.security.service,RBACActionService,36,0,0,0,9,0,6,0,6,0
avenirs-portfolio-security,fr.avenirsesr.portfolio.security.service,StructureService,101,0,2,0,25,0,12,0,11,0
avenirs-portfolio-security,fr.avenirsesr.portfolio.security.service,RBACActionRouteService,16,0,0,0,4,0,3,0,3,0
avenirs-portfolio-security,fr.avenirsesr.portfolio.common.dependency.infrastructure.exception,DependencyTimeoutException,30,0,0,0,8,0,3,0,3,0
avenirs-portfolio-security,fr.avenirsesr.portfolio.common.dependency.infrastructure.exception,DependencyCheckFailedException,25,0,0,0,7,0,3,0,3,0
avenirs-portfolio-security,fr.avenirsesr.portfolio.common.configuration.domain.exception,ConfigurationException,9,0,0,0,4,0,2,0,2,0
avenirs-portfolio-security,fr.avenirsesr.portfolio.common.language.domain.exception,LanguageException,9,0,0,0,4,0,2,0,2,0
avenirs-portfolio-security,fr.avenirsesr.portfolio.common.error.application.adapter.exception,BaseRestExceptionHandler,87,0,0,0,23,0,8,0,8,0
avenirs-portfolio-security,fr.avenirsesr.portfolio.common.validation.domain.utils,FieldValidationUtils,100,0,24,0,29,0,17,0,5,0
avenirs-portfolio-security,fr.avenirsesr.portfolio.security.authentication.domain.service,AuthenticationServiceImpl,0,33,0,0,0,8,0,6,0,6
